{
    "EventID": "e_subterriver4_c",
    "EventName": "An unexpected challenge",
    "Description": "The Mist Knight fragments into countless wisps of air, its glow fading as its residue drifts into the darkness.\n\nWhen the smugglers first made you aware of the subterranean river, you hadn't expected to encounter such strange monsters in its depths. Now that they have been defeated, you feel safe enough to search the branchwork cave corridor for whatever loot they may have gathered from their victims.",
    "DescriptionAction": "You gingerly step around the remains of the suits of armor as you prepare to loot the room.",
    "EventIconShader": "None",
    "EventSpriteBook": "even_spider_secret",
    "EventSpriteDecor": "",
    "EventSpriteMap": "nodeIconEventTeal",
    "EventTier": "T0",
    "EventUniqueID": "",
    "HistoryMode": false,
    "ReplyRandom": 0,
    "Replies": [
        "{\n    \"Name\": \"e_subterriver4_c0\",\n    \"ReplyActionText\": \"Loot\",\n    \"medsEvent\": \"\",\n    \"DustCost\": 0,\n    \"GoldCost\": 0,\n    \"IndexForAnswerTranslation\": 0,\n    \"RepeatForAllCharacters\": false,\n    \"RequiredClass\": \"\",\n    \"Requirement\": \"\",\n    \"RequirementItem\": \"\",\n    \"ReplyShowCard\": \"\",\n    \"ReplyText\": \"Loot the cave.\",\n    \"SSRewardText\": \"You collect all the magic shards and also you found a hidden chest tucked away in a dark corner.\\n\\nNext to the chest you find a strange rope made of an unknown substance. You add it to your rucksack in case it might come in handy later.\\n\\nYou then open the chest and continue on your quest.\",\n    \"SSCRewardText\": \"\",\n    \"FLRewardText\": \"\",\n    \"FLCRewardText\": \"\",\n    \"SSRoll\": false,\n    \"SSRollCard\": \"None\",\n    \"SSRollMode\": \"HigherOrEqual\",\n    \"SSRollNumber\": 0,\n    \"SSRollNumberCritical\": -1,\n    \"SSRollNumberCriticalFail\": -1,\n    \"SSRollTarget\": \"Single\",\n    \"SSCombat\": \"\",\n    \"SSCCombat\": \"\",\n    \"FLCombat\": \"\",\n    \"FLCCombat\": \"\",\n    \"RequirementBlocked\": \"\",\n    \"RequirementMultiplayer\": false,\n    \"RequirementSku\": \"\",\n    \"SSAddCard1\": \"\",\n    \"SSAddCard2\": \"\",\n    \"SSAddCard3\": \"\",\n    \"SSAddItem\": \"\",\n    \"SSCardPlayerGame\": false,\n    \"SSCardPlayerGamePackData\": \"\",\n    \"SSCharacterReplacement\": \"\",\n    \"SSCharacterReplacementPosition\": 0,\n    \"SSCorruptionUI\": false,\n    \"SSCorruptItemSlot\": \"None\",\n    \"SSCraftUI\": false,\n    \"SSCraftUIMaxType\": \"Common\",\n    \"SSDiscount\": 0,\n    \"SSDustReward\": 88,\n    \"SSEvent\": \"\",\n    \"SSExperienceReward\": 8,\n    \"SSFinishEarlyAccess\": false,\n    \"SSFinishGame\": false,\n    \"SSFinishObeliskMap\": false,\n    \"SSGoldReward\": 0,\n    \"SSHealerUI\": false,\n    \"SSLootList\": \"act1miniboss\",\n    \"SSMaxQuantity\": 0,\n    \"SSMerchantUI\": false,\n    \"SSNodeTravel\": \"\",\n    \"SSPerkData\": \"\",\n    \"SSPerkData1\": \"\",\n    \"SSRemoveItemSlot\": \"None\",\n    \"SSRequirementLock\": \"\",\n    \"SSRequirementLock2\": \"\",\n    \"SSRequirementUnlock\": \"oldrope\",\n    \"SSRequirementUnlock2\": \"\",\n    \"SSRewardHealthFlat\": 0,\n    \"SSRewardHealthPercent\": 0,\n    \"SSRewardTier\": \"\",\n    \"SSShopList\": \"\",\n    \"SSSteamStat\": \"\",\n    \"SSSupplyReward\": 1,\n    \"SSUnlockClass\": \"\",\n    \"SSUnlockSkin\": \"\",\n    \"SSUnlockSteamAchievement\": \"\",\n    \"SSUpgradeRandomCard\": false,\n    \"SSUpgradeUI\": false,\n    \"SSCAddCard1\": \"\",\n    \"SSCAddCard2\": \"\",\n    \"SSCAddCard3\": \"\",\n    \"SSCAddItem\": \"\",\n    \"SSCCardPlayerGame\": false,\n    \"SSCCardPlayerGamePackData\": \"\",\n    \"SSCCorruptionUI\": false,\n    \"SSCCorruptItemSlot\": \"None\",\n    \"SSCCraftUI\": false,\n    \"SSCCraftUIMaxType\": \"Common\",\n    \"SSCDiscount\": 0,\n    \"SSCDustReward\": 0,\n    \"SSCEvent\": \"\",\n    \"SSCExperienceReward\": 0,\n    \"SSCFinishEarlyAccess\": false,\n    \"SSCFinishGame\": false,\n    \"SSCGoldReward\": 0,\n    \"SSCHealerUI\": false,\n    \"SSCLootList\": \"\",\n    \"SSCMaxQuantity\": 0,\n    \"SSCMerchantUI\": false,\n    \"SSCNodeTravel\": \"\",\n    \"SSCRemoveItemSlot\": \"None\",\n    \"SSCRequirementLock\": \"\",\n    \"SSCRequirementUnlock\": \"\",\n    \"SSCRequirementUnlock2\": \"\",\n    \"SSCRewardHealthFlat\": 0,\n    \"SSCRewardHealthPercent\": 0,\n    \"SSCRewardTier\": \"\",\n    \"SSCShopList\": \"\",\n    \"SSCSupplyReward\": 0,\n    \"SSCUnlockClass\": \"\",\n    \"SSCUnlockSteamAchievement\": \"\",\n    \"SSCUpgradeRandomCard\": false,\n    \"SSCUpgradeUI\": false,\n    \"FLAddCard1\": \"\",\n    \"FLAddCard2\": \"\",\n    \"FLAddCard3\": \"\",\n    \"FLAddItem\": \"\",\n    \"FLCardPlayerGame\": false,\n    \"FLCardPlayerGamePackData\": \"\",\n    \"FLCorruptionUI\": false,\n    \"FLCorruptItemSlot\": \"None\",\n    \"FLCraftUI\": false,\n    \"FLCraftUIMaxType\": \"Common\",\n    \"FLDiscount\": 0,\n    \"FLDustReward\": 0,\n    \"FLEvent\": \"\",\n    \"FLExperienceReward\": 0,\n    \"FLGoldReward\": 0,\n    \"FLHealerUI\": false,\n    \"FLLootList\": \"\",\n    \"FLMaxQuantity\": 0,\n    \"FLMerchantUI\": false,\n    \"FLNodeTravel\": \"\",\n    \"FLRemoveItemSlot\": \"None\",\n    \"FLRequirementLock\": \"\",\n    \"FLRequirementUnlock\": \"\",\n    \"FLRequirementUnlock2\": \"\",\n    \"FLRewardHealthFlat\": 0,\n    \"FLRewardHealthPercent\": 0,\n    \"FLRewardTier\": \"\",\n    \"FLShopList\": \"\",\n    \"FLSupplyReward\": 0,\n    \"FLUnlockClass\": \"\",\n    \"FLUnlockSteamAchievement\": \"\",\n    \"FLUpgradeRandomCard\": false,\n    \"FLUpgradeUI\": false,\n    \"FLCAddCard1\": \"\",\n    \"FLCAddCard2\": \"\",\n    \"FLCAddCard3\": \"\",\n    \"FLCAddItem\": \"\",\n    \"FLCCardPlayerGame\": false,\n    \"FLCCardPlayerGamePackData\": \"\",\n    \"FLCCorruptionUI\": false,\n    \"FLCCorruptItemSlot\": \"None\",\n    \"FLCCraftUI\": false,\n    \"FLCCraftUIMaxType\": \"Common\",\n    \"FLCDiscount\": 0,\n    \"FLCDustReward\": 0,\n    \"FLCEvent\": \"\",\n    \"FLCExperienceReward\": 0,\n    \"FLCGoldReward\": 0,\n    \"FLCHealerUI\": false,\n    \"FLCLootList\": \"\",\n    \"FLCMaxQuantity\": 0,\n    \"FLCMerchantUI\": false,\n    \"FLCNodeTravel\": \"\",\n    \"FLCRemoveItemSlot\": \"None\",\n    \"FLCRequirementLock\": \"\",\n    \"FLCRequirementUnlock\": \"\",\n    \"FLCRequirementUnlock2\": \"\",\n    \"FLCRewardHealthFlat\": 0,\n    \"FLCRewardHealthPercent\": 0,\n    \"FLCRewardTier\": \"\",\n    \"FLCShopList\": \"\",\n    \"FLCSupplyReward\": 0,\n    \"FLCUnlockClass\": \"\",\n    \"FLCUnlockSteamAchievement\": \"\",\n    \"FLCUpgradeRandomCard\": false,\n    \"FLCUpgradeUI\": false,\n    \"RequirementCard\": \"\",\n    \"SSCardPlayerPairsGame\": false,\n    \"SSCardPlayerPairsGamePackData\": \"\",\n    \"SSCCardPlayerPairsGame\": false,\n    \"SSCCardPlayerPairsGamePackData\": \"\",\n    \"FLCardPlayerPairsGame\": false,\n    \"FLCardPlayerPairsGamePackData\": \"\",\n    \"FLCCardPlayerPairsGame\": false,\n    \"FLCCardPlayerPairsGamePackData\": \"\"\n}"
    ],
    "RequiredClass": "",
    "Requirement": "",
    "medsNode": "",
    "medsPercent": 100,
    "medsPriority": 0
}
