{
    "ID": "smuggler",
    "DefaultPercentEpic": 0,
    "DefaultPercentMythic": 0,
    "DefaultPercentRare": 0,
    "DefaultPercentUncommon": 20,
    "GoldQuantity": 25,
    "LootItemTable": ["{\n   \"LootCard\": \"\",\n   \"LootPercent\": 100.0,\n   \"LootRarity\": \"Common\",\n   \"LootType\": \"Weapon\"\n}","{\n   \"LootCard\": \"\",\n   \"LootPercent\": 100.0,\n   \"LootRarity\": \"Common\",\n   \"LootType\": \"Armor\"\n}","{\n   \"LootCard\": \"\",\n   \"LootPercent\": 100.0,\n   \"LootRarity\": \"Common\",\n   \"LootType\": \"Jewelry\"\n}","{\n   \"LootCard\": \"\",\n   \"LootPercent\": 100.0,\n   \"LootRarity\": \"Common\",\n   \"LootType\": \"Accesory\"\n}"],
    "NumItems": 4
}
