{
    "ID": "woodwoad",
    "NPCName": "Wood Woad",
    "AICards": ["{\n   \"AddCardRound\": 1,\n   \"AuraCurseCastIf\": \"\",\n   \"Card\": \"mcearthformb\",\n   \"OnlyCastIf\": \"Always\",\n   \"PercentToCast\": 0.0,\n   \"Priority\": 1,\n   \"TargetCast\": \"Random\",\n   \"UnitsInDeck\": 1,\n   \"ValueCastIf\": 0.0\n}","{\n   \"AddCardRound\": 1,\n   \"AuraCurseCastIf\": \"\",\n   \"Card\": \"mcmudslingb\",\n   \"OnlyCastIf\": \"Always\",\n   \"PercentToCast\": 0.0,\n   \"Priority\": 2,\n   \"TargetCast\": \"Random\",\n   \"UnitsInDeck\": 1,\n   \"ValueCastIf\": 0.0\n}","{\n   \"AddCardRound\": 0,\n   \"AuraCurseCastIf\": \"\",\n   \"Card\": \"mcshedb\",\n   \"OnlyCastIf\": \"Always\",\n   \"PercentToCast\": 0.0,\n   \"Priority\": 1,\n   \"TargetCast\": \"Random\",\n   \"UnitsInDeck\": 1,\n   \"ValueCastIf\": 0.0\n}","{\n   \"AddCardRound\": 0,\n   \"AuraCurseCastIf\": \"\",\n   \"Card\": \"mcmudslingb\",\n   \"OnlyCastIf\": \"Always\",\n   \"PercentToCast\": 0.0,\n   \"Priority\": 2,\n   \"TargetCast\": \"Random\",\n   \"UnitsInDeck\": 1,\n   \"ValueCastIf\": 0.0\n}","{\n   \"AddCardRound\": 0,\n   \"AuraCurseCastIf\": \"\",\n   \"Card\": \"mcentangleb\",\n   \"OnlyCastIf\": \"Always\",\n   \"PercentToCast\": 0.0,\n   \"Priority\": 3,\n   \"TargetCast\": \"Random\",\n   \"UnitsInDeck\": 1,\n   \"ValueCastIf\": 0.0\n}","{\n   \"AddCardRound\": 0,\n   \"AuraCurseCastIf\": \"\",\n   \"Card\": \"mcrootb\",\n   \"OnlyCastIf\": \"Always\",\n   \"PercentToCast\": 0.0,\n   \"Priority\": 4,\n   \"TargetCast\": \"Random\",\n   \"UnitsInDeck\": 1,\n   \"ValueCastIf\": 0.0\n}"],
    "AuraCurseImmune": [],
    "BaseMonster": "",
    "BigModel": false,
    "CardsInHand": 2,
    "Description": "",
    "Difficulty": -1,
    "Energy": 10,
    "EnergyTurn": 0,
    "ExperienceReward": 15,
    "Female": false,
    "FinishCombatOnDead": false,
    "FluffOffsetX": -0.200000003,
    "FluffOffsetY": 2.700000048,
    "GameObjectAnimated": "saplingtrunkya",
    "GoldReward": 40,
    "HellModeMob": "",
    "HitSound": "Beast Hit 1",
    "HP": 50,
    "IsBoss": false,
    "IsNamed": false,
    "NgPlusMob": "woodwoad_plus",
    "PosBottom": 0,
    "PreferredPosition": "Anywhere",
    "ResistBlunt": 10,
    "ResistCold": -10,
    "ResistFire": -20,
    "ResistHoly": -2,
    "ResistLightning": -2,
    "ResistMind": 4,
    "ResistPiercing": 10,
    "ResistShadow": 4,
    "ResistSlashing": 10,
    "ScriptableObjectName": "Sapling",
    "Speed": 13,
    "Sprite": "",
    "SpritePortrait": "trunkyaSpeedBig",
    "SpriteSpeed": "trunkyaSpeed",
    "TierMob": "T0",
    "TierReward": 3,
    "UpgradedMob": ""
}
