{
    "CombatID": "efaen_29z",
    "CinematicData": "",
    "CombatBackground": "Faeborg_Armeria",
    "CombatEffect": ["{\n \"AuraCurse\": \"chill\",\n \"AuraCurseCharges\": 11,\n \"AuraCurseTarget\": \"Heroes\"\n}","{\n \"AuraCurse\": \"weak\",\n \"AuraCurseCharges\": 1,\n \"AuraCurseTarget\": \"Monsters\"\n}"],
    "CombatMusic": "Dragonquest - 320bit",
    "CombatTier": "T4",
    "Description": "combat dragonlord",
    "EventData": "e_faen29_b",
    "EventRequirementData": "",
    "HealHeroes": false,
    "NPCList": ["draconoid","draconoid","graendor",""],
    "NPCRemoveInMadness0Index": -1,
    "ThermometerTierData": "T3"
}
