{
    "ID": "weakenedclone_plus",
    "NPCName": "Weakened Clone",
    "AICards": ["{\n \"AddCardRound\": 0,\n \"AuraCurseCastIf\": \"\",\n \"Card\": \"weakenedinfernoa\",\n \"OnlyCastIf\": \"Always\",\n \"PercentToCast\": 0.0,\n \"Priority\": 8,\n \"TargetCast\": \"Random\",\n \"UnitsInDeck\": 1,\n \"ValueCastIf\": 0.0\n}","{\n \"AddCardRound\": 2,\n \"AuraCurseCastIf\": \"\",\n \"Card\": \"weakenedinvisibilitya\",\n \"OnlyCastIf\": \"Always\",\n \"PercentToCast\": 0.0,\n \"Priority\": 2,\n \"TargetCast\": \"Random\",\n \"UnitsInDeck\": 1,\n \"ValueCastIf\": 0.0\n}","{\n \"AddCardRound\": 0,\n \"AuraCurseCastIf\": \"\",\n \"Card\": \"weakenedhellfirea\",\n \"OnlyCastIf\": \"Always\",\n \"PercentToCast\": 0.0,\n \"Priority\": 6,\n \"TargetCast\": \"Random\",\n \"UnitsInDeck\": 1,\n \"ValueCastIf\": 0.0\n}","{\n \"AddCardRound\": 0,\n \"AuraCurseCastIf\": \"\",\n \"Card\": \"weakeneddarklightninga\",\n \"OnlyCastIf\": \"Always\",\n \"PercentToCast\": 0.0,\n \"Priority\": 4,\n \"TargetCast\": \"Random\",\n \"UnitsInDeck\": 1,\n \"ValueCastIf\": 0.0\n}","{\n \"AddCardRound\": 0,\n \"AuraCurseCastIf\": \"\",\n \"Card\": \"weakenedwithera\",\n \"OnlyCastIf\": \"Always\",\n \"PercentToCast\": 0.0,\n \"Priority\": 3,\n \"TargetCast\": \"Random\",\n \"UnitsInDeck\": 1,\n \"ValueCastIf\": 0.0\n}","{\n \"AddCardRound\": 2,\n \"AuraCurseCastIf\": \"\",\n \"Card\": \"weakeneddisintegratea\",\n \"OnlyCastIf\": \"Always\",\n \"PercentToCast\": 0.0,\n \"Priority\": 7,\n \"TargetCast\": \"Random\",\n \"UnitsInDeck\": 1,\n \"ValueCastIf\": 0.0\n}","{\n \"AddCardRound\": 5,\n \"AuraCurseCastIf\": \"\",\n \"Card\": \"weakeneddisintegratea\",\n \"OnlyCastIf\": \"Always\",\n \"PercentToCast\": 0.0,\n \"Priority\": 7,\n \"TargetCast\": \"Random\",\n \"UnitsInDeck\": 1,\n \"ValueCastIf\": 0.0\n}","{\n \"AddCardRound\": 8,\n \"AuraCurseCastIf\": \"\",\n \"Card\": \"weakeneddisintegratea\",\n \"OnlyCastIf\": \"Always\",\n \"PercentToCast\": 0.0,\n \"Priority\": 7,\n \"TargetCast\": \"Random\",\n \"UnitsInDeck\": 1,\n \"ValueCastIf\": 0.0\n}","{\n \"AddCardRound\": 1,\n \"AuraCurseCastIf\": \"\",\n \"Card\": \"weakenedpyroblasta\",\n \"OnlyCastIf\": \"Always\",\n \"PercentToCast\": 0.0,\n \"Priority\": 5,\n \"TargetCast\": \"Random\",\n \"UnitsInDeck\": 1,\n \"ValueCastIf\": 0.0\n}","{\n \"AddCardRound\": 4,\n \"AuraCurseCastIf\": \"\",\n \"Card\": \"weakeneddarkconstrainta\",\n \"OnlyCastIf\": \"Always\",\n \"PercentToCast\": 0.0,\n \"Priority\": 9,\n \"TargetCast\": \"Random\",\n \"UnitsInDeck\": 1,\n \"ValueCastIf\": 0.0\n}","{\n \"AddCardRound\": 5,\n \"AuraCurseCastIf\": \"\",\n \"Card\": \"weakenedpyroblasta\",\n \"OnlyCastIf\": \"Always\",\n \"PercentToCast\": 0.0,\n \"Priority\": 5,\n \"TargetCast\": \"Random\",\n \"UnitsInDeck\": 1,\n \"ValueCastIf\": 0.0\n}","{\n \"AddCardRound\": 4,\n \"AuraCurseCastIf\": \"\",\n \"Card\": \"weakenedblackpyrea\",\n \"OnlyCastIf\": \"Always\",\n \"PercentToCast\": 0.0,\n \"Priority\": 14,\n \"TargetCast\": \"Random\",\n \"UnitsInDeck\": 1,\n \"ValueCastIf\": 0.0\n}","{\n \"AddCardRound\": 3,\n \"AuraCurseCastIf\": \"\",\n \"Card\": \"weakeneddarkcremationa\",\n \"OnlyCastIf\": \"Always\",\n \"PercentToCast\": 0.0,\n \"Priority\": 10,\n \"TargetCast\": \"Random\",\n \"UnitsInDeck\": 1,\n \"ValueCastIf\": 0.0\n}"],
    "AuraCurseImmune": [],
    "BaseMonster": "",
    "BigModel": false,
    "CardsInHand": 3,
    "Description": "",
    "Difficulty": -1,
    "Energy": 10,
    "EnergyTurn": 0,
    "ExperienceReward": 34,
    "Female": false,
    "FinishCombatOnDead": false,
    "FluffOffsetX": -0.150000006,
    "FluffOffsetY": 3.099999905,
    "GameObjectAnimated": "lordhansek-shadow",
    "GoldReward": "",
    "HellModeMob": "",
    "HitSound": "malehit3",
    "HP": 312,
    "IsBoss": false,
    "IsNamed": false,
    "NgPlusMob": "weakenedclone_plus",
    "PosBottom": 0,
    "PreferredPosition": "Anywhere",
    "ResistBlunt": 25,
    "ResistCold": 35,
    "ResistFire": 10,
    "ResistHoly": -10,
    "ResistLightning": 25,
    "ResistMind": 25,
    "ResistPiercing": 25,
    "ResistShadow": 50,
    "ResistSlashing": 25,
    "ScriptableObjectName": "WeakenedClone",
    "Speed": 12,
    "Sprite": "",
    "SpritePortrait": "BossMageShadowportraitGrande",
    "SpriteSpeed": "BossMageShadowportrait",
    "TierMob": "T0",
    "TierReward": 4,
    "UpgradedMob": ""
}
