{
	"AcEnergyBonus": "",
	"AcEnergyBonus2": "",
	"AcEnergyBonus2Quantity": 0,
	"AcEnergyBonusQuantity": 0,
	"AddCard": 0,
	"AddCardChoose": 0,
	"AddCardCostTurn": false,
	"AddCardFrom": "Deck",
	"AddCardId": "",
	"AddCardList": [],
	"AddCardPlace": "Discard",
	"AddCardReducedCost": 0,
	"AddCardType": "None",
	"AddCardTypeAux": [],
	"AddCardVanish": false,
	"Aura": "",
	"Aura2": "",
	"Aura3": "",
	"AuraCharges": 0,
	"AuraCharges2": 0,
	"AuraCharges2SpecialValue1": false,
	"AuraCharges2SpecialValue2": false,
	"AuraCharges2SpecialValueGlobal": false,
	"AuraCharges3": 0,
	"AuraCharges3SpecialValue1": false,
	"AuraCharges3SpecialValue2": false,
	"AuraCharges3SpecialValueGlobal": false,
	"AuraChargesSpecialValue1": false,
	"AuraChargesSpecialValue2": false,
	"AuraChargesSpecialValueGlobal": false,
	"AuraSelf": "",
	"AuraSelf2": "",
	"AuraSelf3": "",
	"AutoplayDraw": false,
	"AutoplayEndTurn": false,
	"BaseCard": "ancientdarknesswither",
	"CardClass": "Special",
	"CardName": "Wither",
	"CardNumber": 0,
	"CardRarity": "Uncommon",
	"CardType": "Shadow_Spell",
	"CardTypeAux": [
		"Curse_Spell",
		"Spell"
	],
	"CardTypeList": [],
	"CardUpgraded": "No",
	"Corrupted": false,
	"Curse": "",
	"Curse2": "",
	"Curse3": "",
	"CurseCharges": 0,
	"CurseCharges2": 0,
	"CurseCharges2SpecialValue1": false,
	"CurseCharges2SpecialValue2": false,
	"CurseCharges2SpecialValueGlobal": false,
	"CurseCharges3": 0,
	"CurseCharges3SpecialValue1": false,
	"CurseCharges3SpecialValue2": false,
	"CurseCharges3SpecialValueGlobal": false,
	"CurseChargesSpecialValue1": false,
	"CurseChargesSpecialValue2": false,
	"CurseChargesSpecialValueGlobal": false,
	"CurseSelf": "",
	"CurseSelf2": "",
	"CurseSelf3": "",
	"Damage": 8,
	"Damage2": 0,
	"Damage2SpecialValue1": false,
	"Damage2SpecialValue2": false,
	"Damage2SpecialValueGlobal": false,
	"DamageEnergyBonus": 0,
	"DamageSelf": 0,
	"DamageSelf2": 0,
	"DamageSides": 0,
	"DamageSides2": 0,
	"DamageSpecialValue1": false,
	"DamageSpecialValue2": false,
	"DamageSpecialValueGlobal": false,
	"DamageType": "Shadow",
	"DamageType2": "None",
	"Description": "",
	"DescriptionID": "",
	"DiscardCard": 0,
	"DiscardCardAutomatic": false,
	"DiscardCardPlace": "Discard",
	"DiscardCardType": "None",
	"DiscardCardTypeAux": [],
	"DispelAuras": 0,
	"DrawCard": 0,
	"DrawCardSpecialValueGlobal": false,
	"EffectCastCenter": false,
	"EffectCaster": "",
	"EffectCasterRepeat": false,
	"EffectPostCastDelay": 0.30000001192092896,
	"EffectPostTargetDelay": 0,
	"EffectPreAction": "",
	"EffectRepeat": 1,
	"EffectRepeatDelay": 0,
	"EffectRepeatEnergyBonus": 0,
	"EffectRepeatMaxBonus": 0,
	"EffectRepeatModificator": 0,
	"EffectRepeatTarget": "Same",
	"EffectRequired": "",
	"EffectTarget": "shadowimpactdrain",
	"EffectTrail": "shadowtraildrain",
	"EffectTrailAngle": "Horizontal",
	"EffectTrailRepeat": false,
	"EffectTrailSpeed": 1,
	"EndTurn": false,
	"EnergyCost": 1,
	"EnergyCostForShow": 0,
	"EnergyRecharge": 0,
	"EnergyRechargeSpecialValueGlobal": false,
	"EnergyReductionPermanent": 0,
	"EnergyReductionTemporal": 0,
	"EnergyReductionToZeroPermanent": false,
	"EnergyReductionToZeroTemporal": false,
	"ExhaustCounter": 0,
	"FlipSprite": false,
	"Fluff": "",
	"FluffPercent": 0,
	"GoldGainQuantity": 0,
	"Heal": 0,
	"HealAuraCurseName": "",
	"HealAuraCurseName2": "",
	"HealAuraCurseName3": "",
	"HealAuraCurseName4": "",
	"HealAuraCurseSelf": "",
	"HealCurses": 0,
	"HealEnergyBonus": 0,
	"HealSelf": 0,
	"HealSelfPerDamageDonePercent": 100,
	"HealSelfSpecialValue1": false,
	"HealSelfSpecialValue2": false,
	"HealSelfSpecialValueGlobal": false,
	"HealSides": 0,
	"HealSpecialValue1": false,
	"HealSpecialValue2": false,
	"HealSpecialValueGlobal": false,
	"ID": "ancientdarknesswither",
	"IgnoreBlock": false,
	"IgnoreBlock2": false,
	"IncreaseAuras": 0,
	"IncreaseCurses": 0,
	"Innate": false,
	"IsPetAttack": false,
	"IsPetCast": false,
	"Item": "",
	"ItemEnchantment": "",
	"KillPet": false,
	"Lazy": false,
	"LookCards": 0,
	"LookCardsDiscardUpTo": 0,
	"LookCardsVanishUpTo": 0,
	"MaxInDeck": 0,
	"ModifiedByTrait": false,
	"MoveToCenter": false,
	"OnlyInWeekly": false,
	"PetFront": true,
	"PetInvert": true,
	"PetModel": "",
	"PetOffset": "(0.00, 0.00)",
	"PetSize": "(1.00, 1.00)",
	"Playable": true,
	"PullTarget": 0,
	"PushTarget": 0,
	"ReduceAuras": 0,
	"ReduceCurses": 0,
	"RelatedCard": "",
	"RelatedCard2": "",
	"RelatedCard3": "",
	"SelfHealthLoss": 0,
	"SelfHealthLossSpecialGlobal": false,
	"SelfHealthLossSpecialValue1": false,
	"SelfHealthLossSpecialValue2": false,
	"SelfKillHiddenSeconds": 0,
	"ShardsGainQuantity": 0,
	"ShowInTome": true,
	"Sku": "",
	"Sound": "drainlife",
	"SoundPreAction": "",
	"SoundPreActionFemale": "",
	"SpecialAuraCurseName1": "",
	"SpecialAuraCurseName2": "",
	"SpecialAuraCurseNameGlobal": "",
	"SpecialValue1": "None",
	"SpecialValue2": "None",
	"SpecialValueGlobal": "None",
	"SpecialValueModifier1": 0,
	"SpecialValueModifier2": 0,
	"SpecialValueModifierGlobal": 0,
    "Sprite": "wither",
	"Starter": false,
	"StealAuras": 0,
	"SummonAura": "",
	"SummonAura2": "",
	"SummonAura3": "",
	"SummonAuraCharges": 0,
	"SummonAuraCharges2": 0,
	"SummonAuraCharges3": 0,
	"SummonUnit": "",
	"SummonUnitNum": 0,
	"TargetPosition": "MostHP",
	"TargetSide": "Enemy",
	"TargetType": "Single",
	"TransferCurses": 1,
	"UpgradedFrom": "",
	"UpgradesTo1": "ancientdarknesswithera",
	"UpgradesTo2": "ancientdarknesswitherb",
	"UpgradesToRare": "ancientdarknesswitherrare",
	"Vanish": false,
	"Visible": false
}