{
    "ID": "smuggler_plush",
    "NPCName": "Smuggler",
    "AICards": ["{\n   \"AddCardRound\": 0,\n   \"AuraCurseCastIf\": \"\",\n   \"Card\": \"slicemb\",\n   \"OnlyCastIf\": \"Always\",\n   \"PercentToCast\": 0.0,\n   \"Priority\": 0,\n   \"TargetCast\": \"Random\",\n   \"UnitsInDeck\": 1,\n   \"ValueCastIf\": 0.0\n}","{\n   \"AddCardRound\": 2,\n   \"AuraCurseCastIf\": \"\",\n   \"Card\": \"smokebombmb\",\n   \"OnlyCastIf\": \"Always\",\n   \"PercentToCast\": 0.0,\n   \"Priority\": 5,\n   \"TargetCast\": \"Random\",\n   \"UnitsInDeck\": 1,\n   \"ValueCastIf\": 0.0\n}","{\n   \"AddCardRound\": 0,\n   \"AuraCurseCastIf\": \"\",\n   \"Card\": \"quickshotm\",\n   \"OnlyCastIf\": \"Always\",\n   \"PercentToCast\": 0.0,\n   \"Priority\": 1,\n   \"TargetCast\": \"Random\",\n   \"UnitsInDeck\": 1,\n   \"ValueCastIf\": 0.0\n}","{\n   \"AddCardRound\": 2,\n   \"AuraCurseCastIf\": \"\",\n   \"Card\": \"sidestepb\",\n   \"OnlyCastIf\": \"Always\",\n   \"PercentToCast\": 0.0,\n   \"Priority\": 3,\n   \"TargetCast\": \"Random\",\n   \"UnitsInDeck\": 1,\n   \"ValueCastIf\": 0.0\n}","{\n   \"AddCardRound\": 0,\n   \"AuraCurseCastIf\": \"\",\n   \"Card\": \"throwknifeb\",\n   \"OnlyCastIf\": \"Always\",\n   \"PercentToCast\": 0.0,\n   \"Priority\": 4,\n   \"TargetCast\": \"Random\",\n   \"UnitsInDeck\": 1,\n   \"ValueCastIf\": 0.0\n}"],
    "AuraCurseImmune": [],
    "BaseMonster": "",
    "BigModel": false,
    "CardsInHand": 2,
    "Description": "",
    "Difficulty": -1,
    "Energy": 10,
    "EnergyTurn": 0,
    "ExperienceReward": 15,
    "Female": false,
    "FinishCombatOnDead": false,
    "FluffOffsetX": -0.300000012,
    "FluffOffsetY": 3.200000048,
    "GameObjectAnimated": "wolfwarsBandit",
    "GoldReward": 51,
    "HellModeMob": "",
    "HitSound": "malehit4",
    "HP": 62,
    "IsBoss": false,
    "IsNamed": false,
    "NgPlusMob": "",
    "PosBottom": 0,
    "PreferredPosition": "Anywhere",
    "ResistBlunt": 27,
    "ResistCold": -5,
    "ResistFire": 3,
    "ResistHoly": 5,
    "ResistLightning": -5,
    "ResistMind": 6,
    "ResistPiercing": 29,
    "ResistShadow": -5,
    "ResistSlashing": 27,
    "ScriptableObjectName": "Smuggler",
    "Speed": 17,
    "Sprite": "",
    "SpritePortrait": "andrinAddportraitGrande",
    "SpriteSpeed": "andrinAddportrait",
    "TierMob": "T0",
    "TierReward": 2,
    "UpgradedMob": ""
}
