{
    "ID": "weakenedclone",
    "NPCName": "Weakened Clone",
    "AICards": ["{\n \"AddCardRound\": 0,\n \"AuraCurseCastIf\": \"\",\n \"Card\": \"weakenedinferno\",\n \"OnlyCastIf\": \"Always\",\n \"PercentToCast\": 0.0,\n \"Priority\": 8,\n \"TargetCast\": \"Random\",\n \"UnitsInDeck\": 1,\n \"ValueCastIf\": 0.0\n}","{\n \"AddCardRound\": 2,\n \"AuraCurseCastIf\": \"\",\n \"Card\": \"weakenedinvisibility\",\n \"OnlyCastIf\": \"Always\",\n \"PercentToCast\": 0.0,\n \"Priority\": 2,\n \"TargetCast\": \"Random\",\n \"UnitsInDeck\": 1,\n \"ValueCastIf\": 0.0\n}","{\n \"AddCardRound\": 0,\n \"AuraCurseCastIf\": \"\",\n \"Card\": \"weakenedhellfire\",\n \"OnlyCastIf\": \"Always\",\n \"PercentToCast\": 0.0,\n \"Priority\": 6,\n \"TargetCast\": \"Random\",\n \"UnitsInDeck\": 1,\n \"ValueCastIf\": 0.0\n}","{\n \"AddCardRound\": 0,\n \"AuraCurseCastIf\": \"\",\n \"Card\": \"weakeneddarklightning\",\n \"OnlyCastIf\": \"Always\",\n \"PercentToCast\": 0.0,\n \"Priority\": 4,\n \"TargetCast\": \"Random\",\n \"UnitsInDeck\": 1,\n \"ValueCastIf\": 0.0\n}","{\n \"AddCardRound\": 0,\n \"AuraCurseCastIf\": \"\",\n \"Card\": \"weakenedwither\",\n \"OnlyCastIf\": \"Always\",\n \"PercentToCast\": 0.0,\n \"Priority\": 3,\n \"TargetCast\": \"Random\",\n \"UnitsInDeck\": 1,\n \"ValueCastIf\": 0.0\n}","{\n \"AddCardRound\": 2,\n \"AuraCurseCastIf\": \"\",\n \"Card\": \"weakeneddisintegrate\",\n \"OnlyCastIf\": \"Always\",\n \"PercentToCast\": 0.0,\n \"Priority\": 7,\n \"TargetCast\": \"Random\",\n \"UnitsInDeck\": 1,\n \"ValueCastIf\": 0.0\n}","{\n \"AddCardRound\": 5,\n \"AuraCurseCastIf\": \"\",\n \"Card\": \"weakeneddisintegrate\",\n \"OnlyCastIf\": \"Always\",\n \"PercentToCast\": 0.0,\n \"Priority\": 7,\n \"TargetCast\": \"Random\",\n \"UnitsInDeck\": 1,\n \"ValueCastIf\": 0.0\n}","{\n \"AddCardRound\": 8,\n \"AuraCurseCastIf\": \"\",\n \"Card\": \"weakeneddisintegrate\",\n \"OnlyCastIf\": \"Always\",\n \"PercentToCast\": 0.0,\n \"Priority\": 7,\n \"TargetCast\": \"Random\",\n \"UnitsInDeck\": 1,\n \"ValueCastIf\": 0.0\n}","{\n \"AddCardRound\": 1,\n \"AuraCurseCastIf\": \"\",\n \"Card\": \"weakenedpyroblast\",\n \"OnlyCastIf\": \"Always\",\n \"PercentToCast\": 0.0,\n \"Priority\": 5,\n \"TargetCast\": \"Random\",\n \"UnitsInDeck\": 1,\n \"ValueCastIf\": 0.0\n}","{\n \"AddCardRound\": 4,\n \"AuraCurseCastIf\": \"\",\n \"Card\": \"weakeneddarkconstraint\",\n \"OnlyCastIf\": \"Always\",\n \"PercentToCast\": 0.0,\n \"Priority\": 9,\n \"TargetCast\": \"Random\",\n \"UnitsInDeck\": 1,\n \"ValueCastIf\": 0.0\n}","{\n \"AddCardRound\": 5,\n \"AuraCurseCastIf\": \"\",\n \"Card\": \"weakenedpyroblast\",\n \"OnlyCastIf\": \"Always\",\n \"PercentToCast\": 0.0,\n \"Priority\": 5,\n \"TargetCast\": \"Random\",\n \"UnitsInDeck\": 1,\n \"ValueCastIf\": 0.0\n}","{\n \"AddCardRound\": 4,\n \"AuraCurseCastIf\": \"\",\n \"Card\": \"weakenedblackpyre\",\n \"OnlyCastIf\": \"Always\",\n \"PercentToCast\": 0.0,\n \"Priority\": 14,\n \"TargetCast\": \"Random\",\n \"UnitsInDeck\": 1,\n \"ValueCastIf\": 0.0\n}","{\n \"AddCardRound\": 3,\n \"AuraCurseCastIf\": \"\",\n \"Card\": \"weakeneddarkcremation\",\n \"OnlyCastIf\": \"Always\",\n \"PercentToCast\": 0.0,\n \"Priority\": 10,\n \"TargetCast\": \"Random\",\n \"UnitsInDeck\": 1,\n \"ValueCastIf\": 0.0\n}"],
    "AuraCurseImmune": [],
    "BaseMonster": "",
    "BigModel": false,
    "CardsInHand": 3,
    "Description": "",
    "Difficulty": -1,
    "Energy": 10,
    "EnergyTurn": 0,
    "ExperienceReward": 28,
    "Female": false,
    "FinishCombatOnDead": false,
    "FluffOffsetX": -0.150000006,
    "FluffOffsetY": 3.099999905,
    "GameObjectAnimated": "lordhansek-shadow",
    "GoldReward": "",
    "HellModeMob": "",
    "HitSound": "malehit3",
    "HP": 256,
    "IsBoss": false,
    "IsNamed": false,
    "NgPlusMob": "weakenedclone_plus",
    "PosBottom": 0,
    "PreferredPosition": "Anywhere",
    "ResistBlunt": 16,
    "ResistCold": 28,
    "ResistFire": 4,
    "ResistHoly": -20,
    "ResistLightning": 14,
    "ResistMind": 18,
    "ResistPiercing": 16,
    "ResistShadow": 40,
    "ResistSlashing": 16,
    "ScriptableObjectName": "WeakenedClone",
    "Speed": 11,
    "Sprite": "",
    "SpritePortrait": "BossMageShadowportraitGrande",
    "SpriteSpeed": "BossMageShadowportrait",
    "TierMob": "T0",
    "TierReward": 4,
    "UpgradedMob": ""
}
