{
    "ID": "construct_one_plus",
    "NPCName": "Blood Knight",
    "AICards": ["{\n   \"AddCardRound\": 1,\n   \"AuraCurseCastIf\": \"\",\n   \"Card\": \"bloodrainma\",\n   \"OnlyCastIf\": \"Always\",\n   \"PercentToCast\": 0.0,\n   \"Priority\": 1,\n   \"TargetCast\": \"Random\",\n   \"UnitsInDeck\": 1,\n   \"ValueCastIf\": 0.0\n}","{\n   \"AddCardRound\": 1,\n   \"AuraCurseCastIf\": \"\",\n   \"Card\": \"mcbloodsacrificea\",\n   \"OnlyCastIf\": \"Always\",\n   \"PercentToCast\": 0.0,\n   \"Priority\": 2,\n   \"TargetCast\": \"Random\",\n   \"UnitsInDeck\": 1,\n   \"ValueCastIf\": 0.0\n}","{\n   \"AddCardRound\": 1,\n   \"AuraCurseCastIf\": \"\",\n   \"Card\": \"mcmasstransfusiona\",\n   \"OnlyCastIf\": \"Always\",\n   \"PercentToCast\": 0.0,\n   \"Priority\": 3,\n   \"TargetCast\": \"Random\",\n   \"UnitsInDeck\": 1,\n   \"ValueCastIf\": 0.0\n}","{\n   \"AddCardRound\": 2,\n   \"AuraCurseCastIf\": \"\",\n   \"Card\": \"mcsanguinesweepa\",\n   \"OnlyCastIf\": \"Always\",\n   \"PercentToCast\": 0.0,\n   \"Priority\": 1,\n   \"TargetCast\": \"Random\",\n   \"UnitsInDeck\": 1,\n   \"ValueCastIf\": 0.0\n}","{\n   \"AddCardRound\": 2,\n   \"AuraCurseCastIf\": \"\",\n   \"Card\": \"bloodrainma\",\n   \"OnlyCastIf\": \"Always\",\n   \"PercentToCast\": 0.0,\n   \"Priority\": 2,\n   \"TargetCast\": \"Random\",\n   \"UnitsInDeck\": 1,\n   \"ValueCastIf\": 0.0\n}","{\n   \"AddCardRound\": 2,\n   \"AuraCurseCastIf\": \"\",\n   \"Card\": \"mccoagulatea\",\n   \"OnlyCastIf\": \"Always\",\n   \"PercentToCast\": 0.0,\n   \"Priority\": 3,\n   \"TargetCast\": \"Random\",\n   \"UnitsInDeck\": 1,\n   \"ValueCastIf\": 0.0\n}","{\n   \"AddCardRound\": 3,\n   \"AuraCurseCastIf\": \"\",\n   \"Card\": \"mcbloodsacrificea\",\n   \"OnlyCastIf\": \"Always\",\n   \"PercentToCast\": 0.0,\n   \"Priority\": 2,\n   \"TargetCast\": \"Random\",\n   \"UnitsInDeck\": 1,\n   \"ValueCastIf\": 0.0\n}","{\n   \"AddCardRound\": 3,\n   \"AuraCurseCastIf\": \"\",\n   \"Card\": \"mcmasstransfusiona\",\n   \"OnlyCastIf\": \"Always\",\n   \"PercentToCast\": 0.0,\n   \"Priority\": 3,\n   \"TargetCast\": \"Random\",\n   \"UnitsInDeck\": 1,\n   \"ValueCastIf\": 0.0\n}","{\n   \"AddCardRound\": 3,\n   \"AuraCurseCastIf\": \"\",\n   \"Card\": \"mcsanguinesweepa\",\n   \"OnlyCastIf\": \"Always\",\n   \"PercentToCast\": 0.0,\n   \"Priority\": 4,\n   \"TargetCast\": \"Random\",\n   \"UnitsInDeck\": 1,\n   \"ValueCastIf\": 0.0\n}","{\n   \"AddCardRound\": 4,\n   \"AuraCurseCastIf\": \"\",\n   \"Card\": \"bloodrainma\",\n   \"OnlyCastIf\": \"Always\",\n   \"PercentToCast\": 0.0,\n   \"Priority\": 1,\n   \"TargetCast\": \"Random\",\n   \"UnitsInDeck\": 1,\n   \"ValueCastIf\": 0.0\n}","{\n   \"AddCardRound\": 4,\n   \"AuraCurseCastIf\": \"\",\n   \"Card\": \"mccoagulatea\",\n   \"OnlyCastIf\": \"Always\",\n   \"PercentToCast\": 0.0,\n   \"Priority\": 1,\n   \"TargetCast\": \"Random\",\n   \"UnitsInDeck\": 1,\n   \"ValueCastIf\": 0.0\n}","{\n   \"AddCardRound\": 4,\n   \"AuraCurseCastIf\": \"\",\n   \"Card\": \"mcsanguinesweepa\",\n   \"OnlyCastIf\": \"Always\",\n   \"PercentToCast\": 0.0,\n   \"Priority\": 4,\n   \"TargetCast\": \"Random\",\n   \"UnitsInDeck\": 1,\n   \"ValueCastIf\": 0.0\n}","{\n   \"AddCardRound\": 0,\n   \"AuraCurseCastIf\": \"\",\n   \"Card\": \"bloodrainma\",\n   \"OnlyCastIf\": \"Always\",\n   \"PercentToCast\": 0.0,\n   \"Priority\": 1,\n   \"TargetCast\": \"Random\",\n   \"UnitsInDeck\": 1,\n   \"ValueCastIf\": 0.0\n}","{\n   \"AddCardRound\": 0,\n   \"AuraCurseCastIf\": \"\",\n   \"Card\": \"mcbloodsacrificea\",\n   \"OnlyCastIf\": \"Always\",\n   \"PercentToCast\": 0.0,\n   \"Priority\": 2,\n   \"TargetCast\": \"Random\",\n   \"UnitsInDeck\": 1,\n   \"ValueCastIf\": 0.0\n}","{\n   \"AddCardRound\": 0,\n   \"AuraCurseCastIf\": \"\",\n   \"Card\": \"mcmasstransfusiona\",\n   \"OnlyCastIf\": \"Always\",\n   \"PercentToCast\": 0.0,\n   \"Priority\": 3,\n   \"TargetCast\": \"Random\",\n   \"UnitsInDeck\": 1,\n   \"ValueCastIf\": 0.0\n}","{\n   \"AddCardRound\": 0,\n   \"AuraCurseCastIf\": \"\",\n   \"Card\": \"mcsanguinesweepa\",\n   \"OnlyCastIf\": \"Always\",\n   \"PercentToCast\": 0.0,\n   \"Priority\": 4,\n   \"TargetCast\": \"Random\",\n   \"UnitsInDeck\": 1,\n   \"ValueCastIf\": 0.0\n}","{\n   \"AddCardRound\": 0,\n   \"AuraCurseCastIf\": \"\",\n   \"Card\": \"mccoagulatea\",\n   \"OnlyCastIf\": \"Always\",\n   \"PercentToCast\": 0.0,\n   \"Priority\": 5,\n   \"TargetCast\": \"Random\",\n   \"UnitsInDeck\": 1,\n   \"ValueCastIf\": 0.0\n}"],
    "AuraCurseImmune": [],
    "BaseMonster": "",
    "BigModel": true,
    "CardsInHand": 3,
    "Description": "",
    "Difficulty": -1,
    "Energy": 10,
    "EnergyTurn": 0,
    "ExperienceReward": 34,
    "Female": false,
    "FinishCombatOnDead": false,
    "FluffOffsetX": 0,
    "FluffOffsetY": 3.200000048,
    "GameObjectAnimated": "bloodknight",
    "GoldReward": 75,
    "HellModeMob": "construct_one_plush",
    "HitSound": "Beast Hit 1",
    "HP": 200,
    "IsBoss": false,
    "IsNamed": false,
    "NgPlusMob": "",
    "PosBottom": 0,
    "PreferredPosition": "Front",
    "ResistBlunt": 33,
    "ResistCold": 27,
    "ResistFire": 7,
    "ResistHoly": 15,
    "ResistLightning": 7,
    "ResistMind": 15,
    "ResistPiercing": 44,
    "ResistShadow": 15,
    "ResistSlashing": 44,
    "ScriptableObjectName": "Lancer",
    "Speed": 19,
    "Sprite": "",
    "SpritePortrait": "bloodknightportraitgrand",
    "SpriteSpeed": "bloodknightportrait",
    "TierMob": "T0",
    "TierReward": 3,
    "UpgradedMob": ""
}
