{
    "ID": "miniectoplasm_plush",
    "NPCName": "Minor Ectoplasm",
    "AICards": ["{\n   \"AddCardRound\": 0,\n   \"AuraCurseCastIf\": \"\",\n   \"Card\": \"mcswellb\",\n   \"OnlyCastIf\": \"Always\",\n   \"PercentToCast\": 0.0,\n   \"Priority\": 1,\n   \"TargetCast\": \"Random\",\n   \"UnitsInDeck\": 1,\n   \"ValueCastIf\": 0.0\n}","{\n   \"AddCardRound\": 0,\n   \"AuraCurseCastIf\": \"\",\n   \"Card\": \"mcsludgeb\",\n   \"OnlyCastIf\": \"Always\",\n   \"PercentToCast\": 0.0,\n   \"Priority\": 2,\n   \"TargetCast\": \"Random\",\n   \"UnitsInDeck\": 1,\n   \"ValueCastIf\": 0.0\n}","{\n   \"AddCardRound\": 0,\n   \"AuraCurseCastIf\": \"\",\n   \"Card\": \"mcabsorbb\",\n   \"OnlyCastIf\": \"Always\",\n   \"PercentToCast\": 0.0,\n   \"Priority\": 3,\n   \"TargetCast\": \"Random\",\n   \"UnitsInDeck\": 1,\n   \"ValueCastIf\": 0.0\n}","{\n   \"AddCardRound\": 0,\n   \"AuraCurseCastIf\": \"\",\n   \"Card\": \"mcconsumeb\",\n   \"OnlyCastIf\": \"Always\",\n   \"PercentToCast\": 0.0,\n   \"Priority\": 4,\n   \"TargetCast\": \"Random\",\n   \"UnitsInDeck\": 1,\n   \"ValueCastIf\": 0.0\n}","{\n   \"AddCardRound\": 0,\n   \"AuraCurseCastIf\": \"\",\n   \"Card\": \"mcwhackb\",\n   \"OnlyCastIf\": \"Always\",\n   \"PercentToCast\": 0.0,\n   \"Priority\": 4,\n   \"TargetCast\": \"Random\",\n   \"UnitsInDeck\": 1,\n   \"ValueCastIf\": 0.0\n}"],
    "AuraCurseImmune": [],
    "BaseMonster": "",
    "BigModel": false,
    "CardsInHand": 3,
    "Description": "",
    "Difficulty": -1,
    "Energy": 10,
    "EnergyTurn": 0,
    "ExperienceReward": 0,
    "Female": false,
    "FinishCombatOnDead": false,
    "FluffOffsetX": -0.400000006,
    "FluffOffsetY": 2.700000048,
    "GameObjectAnimated": "miniectoplasm",
    "GoldReward": 0,
    "HellModeMob": "",
    "HitSound": "Beast Hit 1",
    "HP": 120,
    "IsBoss": false,
    "IsNamed": false,
    "NgPlusMob": "",
    "PosBottom": 0,
    "PreferredPosition": "Anywhere",
    "ResistBlunt": 35,
    "ResistCold": 15,
    "ResistFire": -5,
    "ResistHoly": -5,
    "ResistLightning": -5,
    "ResistMind": 15,
    "ResistPiercing": 35,
    "ResistShadow": 15,
    "ResistSlashing": 35,
    "ScriptableObjectName": "Slime",
    "Speed": 14,
    "Sprite": "",
    "SpritePortrait": "Ectoplasmportraitgrand",
    "SpriteSpeed": "Ectoplasmportrait",
    "TierMob": "T0",
    "TierReward": 3,
    "UpgradedMob": ""
}
