{
    "CombatID": "evelka_25z",
    "CinematicData": "",
    "CombatBackground": "Velkarath_Lava2",
    "CombatEffect": ["{\n \"AuraCurse\": \"fury\",\n \"AuraCurseCharges\": 10,\n \"AuraCurseTarget\": \"Monsters\"\n}","{\n \"AuraCurse\": \"powerful\",\n \"AuraCurseCharges\": 4,\n \"AuraCurseTarget\": \"Monsters\"\n}"],
    "CombatMusic": "9_Alexander Nakarada - Dawn",
    "CombatTier": "T4",
    "Description": "jefe secta",
    "EventData": "e_velka25_y",
    "EventRequirementData": "",
    "HealHeroes": false,
    "NPCList": ["ravager","fiend","pyromancer","erekhal"],
    "NPCRemoveInMadness0Index": -1,
    "ThermometerTierData": "T4"
}
