{
    "CombatID": "esen_600c",
    "CinematicData": "",
    "CombatBackground": "Senenthia_Dia",
    "CombatEffect": ["{\n\"AuraCurse\": \"stealth\",\n\"AuraCurseCharges\": 2,\n\"AuraCurseTarget\": \"Monster1\"\n}","{\n\"AuraCurse\": \"stealth\",\n\"AuraCurseCharges\": 2,\n\"AuraCurseTarget\": \"Monster3\"\n}","{\n\"AuraCurse\": \"fast\",\n\"AuraCurseCharges\": 2,\n\"AuraCurseTarget\": \"Monster0\"\n}","{\n\"AuraCurse\": \"fast\",\n\"AuraCurseCharges\": 2,\n\"AuraCurseTarget\": \"Monster2\"\n}"],
    "CombatMusic": "16_Nowhere Land - Alexander Nakarada",
    "CombatTier": "T0",
    "Description": "thieves ambush",
    "EventData": "e_sen600_b",
    "EventRequirementData": "",
    "HealHeroes": false,
    "NPCList": ["brigand","cutthroat","shaman","cutthroat"],
    "NPCRemoveInMadness0Index": -1,
    "ThermometerTierData": "T2"
}
