{
    "CombatID": "esen_600b",
    "CinematicData": "",
    "CombatBackground": "Senenthia_Dia",
    "CombatEffect": ["{\n   \"AuraCurse\": \"fast\",\n   \"AuraCurseCharges\": 1,\n   \"AuraCurseTarget\": \"Monsters\"\n}","{\n   \"AuraCurse\": \"sharp\",\n   \"AuraCurseCharges\": 2,\n   \"AuraCurseTarget\": \"Monsters\"\n}","{\n   \"AuraCurse\": \"mark\",\n   \"AuraCurseCharges\": 3,\n   \"AuraCurseTarget\": \"Heroes\"\n}"],
    "CombatMusic": "2_Adventure - Alexander Nakarada",
    "CombatTier": "T0",
    "Description": "3 smugglers",
    "EventData": "e_sen7_e",
    "EventRequirementData": "",
    "HealHeroes": false,
    "NPCList": ["smuggler","smuggler","smuggler",""],
    "NPCRemoveInMadness0Index": -1,
    "ThermometerTierData": "T1"
}
