{
    "NodeId": "sen_14",
    "NodeName": "Southern Plains",
    "CombatPercent": 0,
    "Description": "",
    "DisableCorruption": false,
    "DisableRandom": false,
    "EventPercent": 0,
    "ExistsPercent": 100,
    "ExistsSku": "",
    "GoToTown": false,
    "NodeBackgroundImg": "",
    "NodeCombat": ["csen_14"],
    "NodeCombatTier": "T1",
    "NodeEvent": [],
    "NodeEventPercent": [],
    "NodeEventPriority": [],
    "NodeEventTier": "T0",
    "NodeGround": "None",
    "NodeRequirement": "",
    "NodesConnected": ["sen_18", "sen_600"],
    "NodesConnectedRequirement": ["{\n   \"NodeData\": \"sen_600\",\n   \"ConnectionRequirement\": \"act1altpath\",\n   \"ConnectionIfNotNode\": \"\"\n}"],
    "NodeZone": "Senenthia",
    "TravelDestination": false,
    "VisibleIfNotRequirement": false,
    "medsPosX": -1.49,
    "medsPosY": -2.79
}
