{
    "NodeId": "sen_601",
    "NodeName": "Subterranean Cave",
    "CombatPercent": 0,
    "Description": "",
    "DisableCorruption": false,
    "DisableRandom": false,
    "EventPercent": 0,
    "ExistsPercent": 100,
    "ExistsSku": "",
    "GoToTown": false,
    "NodeBackgroundImg": "",
    "NodeCombat": [],
    "NodeCombatTier": "T0",
    "NodeEvent": [],
    "NodeEventPercent": [],
    "NodeEventPriority": [],
    "NodeEventTier": "T0",
    "NodeGround": "None",
    "NodeRequirement": "act1altpath",
    "NodesConnected": ["sen_31"],
    "NodesConnectedRequirement": [],
    "NodeZone": "Senenthia",
    "TravelDestination": true,
    "VisibleIfNotRequirement": true,
    "medsPosX": 4.29,
    "medsPosY": -3.5
}
