{
    "NodeId": "subterriver_1",
    "NodeName": "Upper Cave Path",
    "CombatPercent": 0,
    "Description": "",
    "DisableCorruption": false,
    "DisableRandom": false,
    "EventPercent": 0,
    "ExistsPercent": 100,
    "ExistsSku": "",
    "GoToTown": false,
    "NodeBackgroundImg": "",
    "NodeCombat": [],
    "NodeCombatTier": "T0",
    "NodeEvent": [],
    "NodeEventPercent": [],
    "NodeEventPriority": [],
    "NodeEventTier": "T0",
    "NodeGround": "None",
    "NodeRequirement": "",
    "NodesConnected": ["subterriver_3"],
    "NodesConnectedRequirement": [],
    "NodeZone": "subterriver",
    "TravelDestination": false,
    "VisibleIfNotRequirement": false,
    "medsPosX": -2.4,
    "medsPosY": -0.2775
}
