{
    "ActionSound": "",
    "Cards": [
        "{\n    \"UnitsInDeck\": 4,\n    \"Card\": \"flashheal\"\n}",
        "{\n    \"UnitsInDeck\": 2,\n    \"Card\": \"dispelmagic\"\n}",
        "{\n    \"UnitsInDeck\": 2,\n    \"Card\": \"prescription\"\n}",
        "{\n    \"UnitsInDeck\": 3,\n    \"Card\": \"zap\"\n}",
        "{\n    \"UnitsInDeck\": 2,\n    \"Card\": \"electricdischarge\"\n}",
        "{\n    \"UnitsInDeck\": 1,\n    \"Card\": \"meditate\"\n}",
        "{\n    \"UnitsInDeck\": 1,\n    \"Card\": \"charlshealingtotem\"\n}"
    ],
    "ChallengePack0": "saint",
    "ChallengePack1": "shaman",
    "ChallengePack2": "aeromancer",
    "ChallengePack3": "tempest",
    "ChallengePack4": "enchanter",
    "ChallengePack5": "protector",
    "ChallengePack6": "saint",
    "CharacterDescription": "Charls was looking forward to his retirement after fighting in the Wolf Wars, but fate (and Magnus) had other plans for him.",
    "CharacterDescriptionStrength": "Healer that can use and craft mage cards.",
    "CharacterName": "Charls",
    "Energy": 1,
    "EnergyTurn": 3,
    "Female": false,
    "FluffOffsetX": 0.0,
    "FluffOffsetY": 3.4000000953674318,
    "HeroClass": "Healer",
    "HeroClassSecondary": "Mage",
    "HitSound": "Beast Hit 1caster",
    "HP": 76,
    "ID": "druid",
    "Item": "druidicfocus",
    "MaxHP": [
        0,
        5,
        5,
        5,
        5
    ],
    "OrderInList": 4,
    "ResistSlashing": 5,
    "ResistBlunt": 5,
    "ResistPiercing": 5,
    "ResistFire": 0,
    "ResistCold": 5,
    "ResistLightning": 10,
    "ResistHoly": 15,
    "ResistShadow": 10,
    "ResistMind": 10,
    "Speed": 11,
    "SpriteBorderLocked": "LoboDruidaAliadosiluetaBN",
    "StickerBase": "",
    "StickerAngry": "",
    "StickerIndifferent": "",
    "StickerLove": "",
    "StickerSurprise": "",
    "StickerOffsetX": 0.10000000149011612,
    "SubclassName": "Druid",
    "Trait0": "charlspacemaker",
    "Trait1A": "charlsjuicecleanse",
    "Trait1B": "charlscrackofthunder",
    "Trait2A": "charlslifeinsurance",
    "Trait2B": "charlsdruidicduality",
    "Trait3A": "charlspeacefulretirement",
    "Trait3B": "charlsmandatoryretirement",
    "Trait4A": "charlsfriendlyoldwolf",
    "Trait4B": "charlsrudeoldwolf"
}