{
    "ActionSound": "",
    "Cards": [
        "{\n    \"UnitsInDeck\": 3,\n    \"Card\": \"deflect\"\n}",
        "{\n    \"UnitsInDeck\": 1,\n    \"Card\": \"adrenaline\"\n}",
        "{\n    \"UnitsInDeck\": 2,\n    \"Card\": \"huntersmark\"\n}",
        "{\n    \"UnitsInDeck\": 4,\n    \"Card\": \"aimedshot\"\n}",
        "{\n    \"UnitsInDeck\": 2,\n    \"Card\": \"camouflage\"\n}",
        "{\n    \"UnitsInDeck\": 2,\n    \"Card\": \"binksscattershot\"\n}",
        "{\n    \"UnitsInDeck\": 1,\n    \"Card\": \"binksconcussiveshot\"\n}"
    ],
    "ChallengePack0": "bowman",
    "ChallengePack1": "explorer",
    "ChallengePack2": "hunter",
    "ChallengePack3": "ninja",
    "ChallengePack4": "rogue",
    "ChallengePack5": "scoundrel",
    "ChallengePack6": "marksman",
    "CharacterDescription": "Binks was unable to put down his gun and retire after fighting in the Wolf Wars; the eternal search for \"one last treasure\" consumed him. Thankfully, Magnus was able to remind Binks of the greatest treasure of all: the friends he made along the way.",
    "CharacterDescriptionStrength": "Scout specialized in skills and ranged attacks.",
    "CharacterName": "Binks",
    "Energy": 1,
    "EnergyTurn": 3,
    "Female": false,
    "FluffOffsetX": 0.0,
    "FluffOffsetY": 3.4000000953674318,
    "HeroClass": "Scout",
    "HeroClassSecondary": "None",
    "HitSound": "Beast Hit 1medium",
    "HP": 88,
    "ID": "hunter",
    "Item": "binksgun",
    "MaxHP": [
        0,
        7,
        7,
        7,
        7
    ],
    "OrderInList": 4,
    "ResistSlashing": 10,
    "ResistBlunt": 15,
    "ResistPiercing": 10,
    "ResistFire": 0,
    "ResistCold": 5,
    "ResistLightning": 0,
    "ResistHoly": 5,
    "ResistShadow": 5,
    "ResistMind": 10,
    "Speed": 15,
    "SpriteBorderLocked": "LoboCazadorAliadosiluetaBN",
    "StickerBase": "",
    "StickerAngry": "",
    "StickerIndifferent": "",
    "StickerLove": "",
    "StickerSurprise": "",
    "StickerOffsetX": 0.10000000149011612,
    "SubclassName": "hunter",
    "Trait0": "binkssharpshooter",
    "Trait1A": "binksmagicbullet",
    "Trait1B": "binksmidastouch",
    "Trait2A": "binksgottagofast",
    "Trait2B": "binksfleetfeet",
    "Trait3A": "binkshailofbullets",
    "Trait3B": "binksskillful",
    "Trait4A": "binksrangedspecialist",
    "Trait4B": "binkssmoothoperator"
}