{
    "ActionSound": "",
    "Cards": [
        "{\n    \"UnitsInDeck\": 3,\n    \"Card\": \"ancientdarknessfear\"\n}",
        "{\n    \"UnitsInDeck\": 2,\n    \"Card\": \"necroticburst\"\n}",
        "{\n    \"UnitsInDeck\": 3,\n    \"Card\": \"shadowbolt\"\n}",
        "{\n    \"UnitsInDeck\": 1,\n    \"Card\": \"pestilence\"\n}",
        "{\n    \"UnitsInDeck\": 2,\n    \"Card\": \"ancientdarknessloss\"\n}",
        "{\n    \"UnitsInDeck\": 3,\n    \"Card\": \"ancientdarknesswither\"\n}",
        "{\n    \"UnitsInDeck\": 1,\n    \"Card\": \"hanshekshadowclone\"\n}"
    ],
    "ChallengePack0": "shadowmancer",
    "ChallengePack1": "enchanter",
    "ChallengePack2": "witch",
    "ChallengePack3": "sorcerer",
    "ChallengePack4": "scribe",
    "ChallengePack5": "ancient",
    "ChallengePack6": "sacrifice",
    "CharacterDescription": "Lord Hanshek sought to use an ancient gem and the blood of the Architects to obtain unthinkable power. However, his plans were foiled by a band of plucky adventurers and he decided to join them in the hopes of discovering how their strength could rival that of the Architects.",
    "CharacterDescriptionStrength": "Mage that uses sacrificial rituals to empower his dark spells.",
    "CharacterName": "Hanshek",
    "Energy": 1,
    "EnergyTurn": 3,
    "Female": false,
    "FluffOffsetX": 0.0,
    "FluffOffsetY": 3.4000000953674318,
    "HeroClass": "Mage",
    "HeroClassSecondary": "None",
    "HitSound": "malehit4",
    "HP": 66,
    "ID": "ritualist",
    "Item": "sepulchralspectre",
    "MaxHP": [
        0,
        6,
        6,
        6,
        6
    ],
    "OrderInList": 4,
    "ResistSlashing": 0,
    "ResistBlunt": 0,
    "ResistPiercing": 0,
    "ResistFire": 10,
    "ResistCold": 10,
    "ResistLightning": 10,
    "ResistHoly": 0,
    "ResistShadow": 20,
    "ResistMind": 5,
    "Speed": 14,
    "SpriteBorderLocked": "ritualistSpriteBorderSmallBN",
    "StickerBase": "sticker_ritualist_base",
    "StickerAngry": "sticker_ritualist_angry",
    "StickerIndifferent": "sticker_ritualist_indifferent",
    "StickerLove": "sticker_ritualist_love",
    "StickerSurprise": "sticker_ritualist_surprise",
    "StickerOffsetX": 0.10000000149011612,
    "SubclassName": "Ritualist",
    "Trait0": "hanshekdarkrituals",
    "Trait1A": "hanshekabyssalbarrier",
    "Trait1B": "hanshekabyssalwrath",
    "Trait2A": "hanshekcrepuscular",
    "Trait2B": "hanshekvengeance",
    "Trait3A": "hanshekpenumbra",
    "Trait3B": "hanshekhecatomb",
    "Trait4A": "hanshekdarkdesigns",
    "Trait4B": "hanshekunwillingsacrifice"
}