{
    "Name": "e_ulmin20_a99",
    "ReplyActionText": "CharacterName",
    "medsEvent": "e_ulmin20_a",
    "DustCost": 0,
    "GoldCost": 0,
    "IndexForAnswerTranslation": 99,
    "RepeatForAllCharacters": false,
    "RequiredClass": "hunter",
    "Requirement": "",
    "RequirementItem": "",
    "ReplyShowCard": "",
    "ReplyText": "I will shoot the switch!",
    "SSRewardText": "Binks has excellent aim, as always, and he hits the target on the first try. As he suspected, the tile was a switch and the blade trap stops.\n\nWith the trap stopped, you all pass to the other side.",
    "SSCRewardText": "",
    "FLRewardText": "Binks misses the target on his first attempt and gets a little closer to try again. One of the hidden blades hits him, causing an open wound, but now that he is closer he tries again and manages to hit the target. As he suspected, the tile was a switch and the blade trap stops.\n\nWith the trap stopped, you all pass to the other side.",
    "FLCRewardText": "",
    "SSRoll": true,
    "SSRollCard": "Ranged_Attack",
    "SSRollMode": "HigherOrEqual",
    "SSRollNumber": 1,
    "SSRollNumberCritical": 0,
    "SSRollNumberCriticalFail": 0,
    "SSRollTarget": "Character",
    "SSCombat": "",
    "SSCCombat": "",
    "FLCombat": "",
    "FLCCombat": "",
    "RequirementBlocked": "",
    "RequirementMultiplayer": false,
    "RequirementSku": "",
    "SSAddCard1": "",
    "SSAddCard2": "",
    "SSAddCard3": "",
    "SSAddItem": "",
    "SSCardPlayerGame": false,
    "SSCardPlayerGamePackData": "",
    "SSCharacterReplacement": "",
    "SSCharacterReplacementPosition": 0,
    "SSCorruptionUI": false,
    "SSCorruptItemSlot": "None",
    "SSCraftUI": false,
    "SSCraftUIMaxType": "Common",
    "SSDiscount": 0,
    "SSDustReward": 0,
    "SSEvent": "",
    "SSExperienceReward": 30,
    "SSFinishEarlyAccess": false,
    "SSFinishGame": false,
    "SSFinishObeliskMap": false,
    "SSGoldReward": 0,
    "SSHealerUI": false,
    "SSLootList": "",
    "SSMaxQuantity": 0,
    "SSMerchantUI": false,
    "SSNodeTravel": "",
    "SSPerkData": "",
    "SSPerkData1": "",
    "SSRemoveItemSlot": "None",
    "SSRequirementLock": "ulmininup",
    "SSRequirementLock2": "",
    "SSRequirementUnlock": "ulminindown",
    "SSRequirementUnlock2": "",
    "SSRewardHealthFlat": 0,
    "SSRewardHealthPercent": 0,
    "SSRewardTier": "",
    "SSShopList": "",
    "SSSteamStat": "",
    "SSSupplyReward": 0,
    "SSUnlockClass": "",
    "SSUnlockSkin": "",
    "SSUnlockSteamAchievement": "",
    "SSUpgradeRandomCard": false,
    "SSUpgradeUI": false,
    "SSCAddCard1": "",
    "SSCAddCard2": "",
    "SSCAddCard3": "",
    "SSCAddItem": "",
    "SSCCardPlayerGame": false,
    "SSCCardPlayerGamePackData": "",
    "SSCCorruptionUI": false,
    "SSCCorruptItemSlot": "None",
    "SSCCraftUI": false,
    "SSCCraftUIMaxType": "Common",
    "SSCDiscount": 0,
    "SSCDustReward": 0,
    "SSCEvent": "",
    "SSCExperienceReward": 0,
    "SSCFinishEarlyAccess": false,
    "SSCFinishGame": false,
    "SSCGoldReward": 0,
    "SSCHealerUI": false,
    "SSCLootList": "",
    "SSCMaxQuantity": 0,
    "SSCMerchantUI": false,
    "SSCNodeTravel": "",
    "SSCRemoveItemSlot": "None",
    "SSCRequirementLock": "",
    "SSCRequirementUnlock": "",
    "SSCRequirementUnlock2": "",
    "SSCRewardHealthFlat": 0,
    "SSCRewardHealthPercent": 0,
    "SSCRewardTier": "",
    "SSCShopList": "",
    "SSCSupplyReward": 0,
    "SSCUnlockClass": "",
    "SSCUnlockSteamAchievement": "",
    "SSCUpgradeRandomCard": false,
    "SSCUpgradeUI": false,
    "FLAddCard1": "openwound",
    "FLAddCard2": "",
    "FLAddCard3": "",
    "FLAddItem": "",
    "FLCardPlayerGame": false,
    "FLCardPlayerGamePackData": "",
    "FLCorruptionUI": false,
    "FLCorruptItemSlot": "None",
    "FLCraftUI": false,
    "FLCraftUIMaxType": "Common",
    "FLDiscount": 0,
    "FLDustReward": 0,
    "FLEvent": "",
    "FLExperienceReward": 18,
    "FLGoldReward": 0,
    "FLHealerUI": false,
    "FLLootList": "",
    "FLMaxQuantity": 0,
    "FLMerchantUI": false,
    "FLNodeTravel": "",
    "FLRemoveItemSlot": "None",
    "FLRequirementLock": "ulmininup",
    "FLRequirementUnlock": "ulminindown",
    "FLRequirementUnlock2": "",
    "FLRewardHealthFlat": 0,
    "FLRewardHealthPercent": 0,
    "FLRewardTier": "",
    "FLShopList": "",
    "FLSupplyReward": 0,
    "FLUnlockClass": "",
    "FLUnlockSteamAchievement": "",
    "FLUpgradeRandomCard": false,
    "FLUpgradeUI": false,
    "FLCAddCard1": "",
    "FLCAddCard2": "",
    "FLCAddCard3": "",
    "FLCAddItem": "",
    "FLCCardPlayerGame": false,
    "FLCCardPlayerGamePackData": "",
    "FLCCorruptionUI": false,
    "FLCCorruptItemSlot": "None",
    "FLCCraftUI": false,
    "FLCCraftUIMaxType": "Common",
    "FLCDiscount": 0,
    "FLCDustReward": 0,
    "FLCEvent": "",
    "FLCExperienceReward": 0,
    "FLCGoldReward": 0,
    "FLCHealerUI": false,
    "FLCLootList": "",
    "FLCMaxQuantity": 0,
    "FLCMerchantUI": false,
    "FLCNodeTravel": "",
    "FLCRemoveItemSlot": "None",
    "FLCRequirementLock": "",
    "FLCRequirementUnlock": "",
    "FLCRequirementUnlock2": "",
    "FLCRewardHealthFlat": 0,
    "FLCRewardHealthPercent": 0,
    "FLCRewardTier": "",
    "FLCShopList": "",
    "FLCSupplyReward": 0,
    "FLCUnlockClass": "",
    "FLCUnlockSteamAchievement": "",
    "FLCUpgradeRandomCard": false,
    "FLCUpgradeUI": false,
    "RequirementCard": "",
    "SSCardPlayerPairsGame": false,
    "SSCardPlayerPairsGamePackData": "",
    "SSCCardPlayerPairsGame": false,
    "SSCCardPlayerPairsGamePackData": "",
    "FLCardPlayerPairsGame": false,
    "FLCardPlayerPairsGamePackData": "",
    "FLCCardPlayerPairsGame": false,
    "FLCCardPlayerPairsGamePackData": ""
}
