{
    "ID": "mistling",
    "NPCName": "Mistling",
    "AICards": ["{\n   \"AddCardRound\": 0,\n   \"AuraCurseCastIf\": \"\",\n   \"Card\": \"mcdewdrops\",\n   \"OnlyCastIf\": \"Always\",\n   \"PercentToCast\": 0.0,\n   \"Priority\": 1,\n   \"TargetCast\": \"Random\",\n   \"UnitsInDeck\": 1,\n   \"ValueCastIf\": 0.0\n}","{\n   \"AddCardRound\": 0,\n   \"AuraCurseCastIf\": \"\",\n   \"Card\": \"mcmistform\",\n   \"OnlyCastIf\": \"Always\",\n   \"PercentToCast\": 0.0,\n   \"Priority\": 2,\n   \"TargetCast\": \"Random\",\n   \"UnitsInDeck\": 1,\n   \"ValueCastIf\": 0.0\n}","{\n   \"AddCardRound\": 0,\n   \"AuraCurseCastIf\": \"\",\n   \"Card\": \"mcvaporblade\",\n   \"OnlyCastIf\": \"Always\",\n   \"PercentToCast\": 0.0,\n   \"Priority\": 5,\n   \"TargetCast\": \"Random\",\n   \"UnitsInDeck\": 1,\n   \"ValueCastIf\": 0.0\n}"],
    "AuraCurseImmune": [],
    "BaseMonster": "",
    "BigModel": false,
    "CardsInHand": 3,
    "Description": "",
    "Difficulty": -1,
    "Energy": 10,
    "EnergyTurn": 0,
    "ExperienceReward": 0,
    "Female": false,
    "FinishCombatOnDead": false,
    "FluffOffsetX": -0.100000001,
    "FluffOffsetY": 4.400000095,
    "GameObjectAnimated": "mistling",
    "GoldReward": 0,
    "HellModeMob": "",
    "HitSound": "Beast Hit 3",
    "HP": 25,
    "IsBoss": false,
    "IsNamed": false,
    "NgPlusMob": "",
    "PosBottom": 0,
    "PreferredPosition": "Anywhere",
    "ResistBlunt": 15,
    "ResistCold": 15,
    "ResistFire": 15,
    "ResistHoly": 15,
    "ResistLightning": 15,
    "ResistMind": 15,
    "ResistPiercing": 15,
    "ResistShadow": 15,
    "ResistSlashing": 15,
    "ScriptableObjectName": "Alexander",
    "Speed": 17,
    "Sprite": "",
    "SpritePortrait": "MistKnightportraitgrand",
    "SpriteSpeed": "MistKnightportrait",
    "TierMob": "T0",
    "TierReward": 4,
    "UpgradedMob": ""
}
