{
    "ID": "smuggler",
    "NPCName": "Smuggler",
    "AICards": ["{\n   \"AddCardRound\": 0,\n   \"AuraCurseCastIf\": \"\",\n   \"Card\": \"slicem\",\n   \"OnlyCastIf\": \"Always\",\n   \"PercentToCast\": 0.0,\n   \"Priority\": 0,\n   \"TargetCast\": \"Random\",\n   \"UnitsInDeck\": 1,\n   \"ValueCastIf\": 0.0\n}","{\n   \"AddCardRound\": 2,\n   \"AuraCurseCastIf\": \"\",\n   \"Card\": \"smokebombm\",\n   \"OnlyCastIf\": \"Always\",\n   \"PercentToCast\": 0.0,\n   \"Priority\": 5,\n   \"TargetCast\": \"Random\",\n   \"UnitsInDeck\": 1,\n   \"ValueCastIf\": 0.0\n}","{\n   \"AddCardRound\": 0,\n   \"AuraCurseCastIf\": \"\",\n   \"Card\": \"quickshot\",\n   \"OnlyCastIf\": \"Always\",\n   \"PercentToCast\": 0.0,\n   \"Priority\": 1,\n   \"TargetCast\": \"Random\",\n   \"UnitsInDeck\": 1,\n   \"ValueCastIf\": 0.0\n}","{\n   \"AddCardRound\": 2,\n   \"AuraCurseCastIf\": \"\",\n   \"Card\": \"sidestep\",\n   \"OnlyCastIf\": \"Always\",\n   \"PercentToCast\": 0.0,\n   \"Priority\": 3,\n   \"TargetCast\": \"Random\",\n   \"UnitsInDeck\": 1,\n   \"ValueCastIf\": 0.0\n}","{\n   \"AddCardRound\": 0,\n   \"AuraCurseCastIf\": \"\",\n   \"Card\": \"throwknife\",\n   \"OnlyCastIf\": \"Always\",\n   \"PercentToCast\": 0.0,\n   \"Priority\": 4,\n   \"TargetCast\": \"Random\",\n   \"UnitsInDeck\": 1,\n   \"ValueCastIf\": 0.0\n}"],
    "AuraCurseImmune": [],
    "BaseMonster": "",
    "BigModel": false,
    "CardsInHand": 1,
    "Description": "",
    "Difficulty": -1,
    "Energy": 10,
    "EnergyTurn": 0,
    "ExperienceReward": 13,
    "Female": false,
    "FinishCombatOnDead": false,
    "FluffOffsetX": -0.300000012,
    "FluffOffsetY": 3.200000048,
    "GameObjectAnimated": "wolfwarsBandit",
    "GoldReward": 51,
    "HellModeMob": "",
    "HitSound": "malehit4",
    "HP": 50,
    "IsBoss": false,
    "IsNamed": false,
    "NgPlusMob": "smuggler_plus",
    "PosBottom": 0,
    "PreferredPosition": "Anywhere",
    "ResistBlunt": 17,
    "ResistCold": -15,
    "ResistFire": -7,
    "ResistHoly": -5,
    "ResistLightning": -15,
    "ResistMind": -4,
    "ResistPiercing": 19,
    "ResistShadow": -15,
    "ResistSlashing": 17,
    "ScriptableObjectName": "Smuggler",
    "Speed": 16,
    "Sprite": "",
    "SpritePortrait": "andrinAddportraitGrande",
    "SpriteSpeed": "andrinAddportrait",
    "TierMob": "T0",
    "TierReward": 1,
    "UpgradedMob": ""
}
