{
    "ID": "stormelemental",
    "NPCName": "Greater Storm Elemental",
    "AICards": ["{\n   \"AddCardRound\": 1,\n   \"AuraCurseCastIf\": \"\",\n   \"Card\": \"mcsurge\",\n   \"OnlyCastIf\": \"Always\",\n   \"PercentToCast\": 0.0,\n   \"Priority\": 1,\n   \"TargetCast\": \"Random\",\n   \"UnitsInDeck\": 1,\n   \"ValueCastIf\": 0.0\n}","{\n   \"AddCardRound\": 1,\n   \"AuraCurseCastIf\": \"\",\n   \"Card\": \"mcderecho\",\n   \"OnlyCastIf\": \"Always\",\n   \"PercentToCast\": 0.0,\n   \"Priority\": 2,\n   \"TargetCast\": \"Random\",\n   \"UnitsInDeck\": 1,\n   \"ValueCastIf\": 0.0\n}","{\n   \"AddCardRound\": 1,\n   \"AuraCurseCastIf\": \"\",\n   \"Card\": \"mclightningblade\",\n   \"OnlyCastIf\": \"Always\",\n   \"PercentToCast\": 0.0,\n   \"Priority\": 3,\n   \"TargetCast\": \"Random\",\n   \"UnitsInDeck\": 1,\n   \"ValueCastIf\": 0.0\n}","{\n   \"AddCardRound\": 2,\n   \"AuraCurseCastIf\": \"\",\n   \"Card\": \"mcthunderousclap\",\n   \"OnlyCastIf\": \"Always\",\n   \"PercentToCast\": 0.0,\n   \"Priority\": 2,\n   \"TargetCast\": \"Random\",\n   \"UnitsInDeck\": 1,\n   \"ValueCastIf\": 0.0\n}","{\n   \"AddCardRound\": 2,\n   \"AuraCurseCastIf\": \"\",\n   \"Card\": \"mcelectrify\",\n   \"OnlyCastIf\": \"Always\",\n   \"PercentToCast\": 0.0,\n   \"Priority\": 1,\n   \"TargetCast\": \"Random\",\n   \"UnitsInDeck\": 1,\n   \"ValueCastIf\": 0.0\n}","{\n   \"AddCardRound\": 2,\n   \"AuraCurseCastIf\": \"\",\n   \"Card\": \"mcbolt\",\n   \"OnlyCastIf\": \"Always\",\n   \"PercentToCast\": 0.0,\n   \"Priority\": 3,\n   \"TargetCast\": \"Random\",\n   \"UnitsInDeck\": 1,\n   \"ValueCastIf\": 0.0\n}","{\n   \"AddCardRound\": 0,\n   \"AuraCurseCastIf\": \"\",\n   \"Card\": \"mcderecho\",\n   \"OnlyCastIf\": \"Always\",\n   \"PercentToCast\": 0.0,\n   \"Priority\": 2,\n   \"TargetCast\": \"Random\",\n   \"UnitsInDeck\": 1,\n   \"ValueCastIf\": 0.0\n}","{\n   \"AddCardRound\": 0,\n   \"AuraCurseCastIf\": \"\",\n   \"Card\": \"mclightningblade\",\n   \"OnlyCastIf\": \"Always\",\n   \"PercentToCast\": 0.0,\n   \"Priority\": 3,\n   \"TargetCast\": \"Random\",\n   \"UnitsInDeck\": 1,\n   \"ValueCastIf\": 0.0\n}","{\n   \"AddCardRound\": 0,\n   \"AuraCurseCastIf\": \"\",\n   \"Card\": \"mcbolt\",\n   \"OnlyCastIf\": \"Always\",\n   \"PercentToCast\": 0.0,\n   \"Priority\": 4,\n   \"TargetCast\": \"Random\",\n   \"UnitsInDeck\": 1,\n   \"ValueCastIf\": 0.0\n}","{\n   \"AddCardRound\": 0,\n   \"AuraCurseCastIf\": \"\",\n   \"Card\": \"mcthunderousclap\",\n   \"OnlyCastIf\": \"Always\",\n   \"PercentToCast\": 0.0,\n   \"Priority\": 5,\n   \"TargetCast\": \"Random\",\n   \"UnitsInDeck\": 1,\n   \"ValueCastIf\": 0.0\n}","{\n   \"AddCardRound\": 0,\n   \"AuraCurseCastIf\": \"\",\n   \"Card\": \"mcelectrify\",\n   \"OnlyCastIf\": \"Always\",\n   \"PercentToCast\": 0.0,\n   \"Priority\": 6,\n   \"TargetCast\": \"Random\",\n   \"UnitsInDeck\": 1,\n   \"ValueCastIf\": 0.0\n}"],
    "AuraCurseImmune": [],
    "BaseMonster": "",
    "BigModel": true,
    "CardsInHand": 3,
    "Description": "",
    "Difficulty": -1,
    "Energy": 10,
    "EnergyTurn": 0,
    "ExperienceReward": 40,
    "Female": false,
    "FinishCombatOnDead": true,
    "FluffOffsetX": -0.200000003,
    "FluffOffsetY": 4,
    "GameObjectAnimated": "stormelemental",
    "GoldReward": 80,
    "HellModeMob": "",
    "HitSound": "Beast Hit 2",
    "HP": 350,
    "IsBoss": true,
    "IsNamed": false,
    "NgPlusMob": "stormelemental_plus",
    "PosBottom": 0,
    "PreferredPosition": "Anywhere",
    "ResistBlunt": 17,
    "ResistCold": 33,
    "ResistFire": 23,
    "ResistHoly": -15,
    "ResistLightning": 35,
    "ResistMind": -1,
    "ResistPiercing": 35,
    "ResistShadow": -15,
    "ResistSlashing": 17,
    "ScriptableObjectName": "Dualist",
    "Speed": 17,
    "Sprite": "",
    "SpritePortrait": "StormElementalportraitgrand",
    "SpriteSpeed": "StormElementalportrait",
    "TierMob": "T0",
    "TierReward": 4,
    "UpgradedMob": ""
}
