{
    "ID": "waterelemental",
    "NPCName": "Water Elemental",
    "AICards": ["{\n   \"AddCardRound\": 1,\n   \"AuraCurseCastIf\": \"\",\n   \"Card\": \"mcrain\",\n   \"OnlyCastIf\": \"Always\",\n   \"PercentToCast\": 0.0,\n   \"Priority\": 1,\n   \"TargetCast\": \"Random\",\n   \"UnitsInDeck\": 1,\n   \"ValueCastIf\": 0.0\n}","{\n   \"AddCardRound\": 1,\n   \"AuraCurseCastIf\": \"\",\n   \"Card\": \"mcroguewave\",\n   \"OnlyCastIf\": \"Always\",\n   \"PercentToCast\": 0.0,\n   \"Priority\": 2,\n   \"TargetCast\": \"Random\",\n   \"UnitsInDeck\": 1,\n   \"ValueCastIf\": 0.0\n}","{\n   \"AddCardRound\": 1,\n   \"AuraCurseCastIf\": \"\",\n   \"Card\": \"mcriptide\",\n   \"OnlyCastIf\": \"Always\",\n   \"PercentToCast\": 0.0,\n   \"Priority\": 3,\n   \"TargetCast\": \"Random\",\n   \"UnitsInDeck\": 1,\n   \"ValueCastIf\": 0.0\n}","{\n   \"AddCardRound\": 2,\n   \"AuraCurseCastIf\": \"\",\n   \"Card\": \"mcwatershell\",\n   \"OnlyCastIf\": \"Always\",\n   \"PercentToCast\": 0.0,\n   \"Priority\": 1,\n   \"TargetCast\": \"Random\",\n   \"UnitsInDeck\": 1,\n   \"ValueCastIf\": 0.0\n}","{\n   \"AddCardRound\": 2,\n   \"AuraCurseCastIf\": \"\",\n   \"Card\": \"mcinnerocean\",\n   \"OnlyCastIf\": \"Always\",\n   \"PercentToCast\": 0.0,\n   \"Priority\": 2,\n   \"TargetCast\": \"Random\",\n   \"UnitsInDeck\": 1,\n   \"ValueCastIf\": 0.0\n}","{\n   \"AddCardRound\": 2,\n   \"AuraCurseCastIf\": \"\",\n   \"Card\": \"mcerosion\",\n   \"OnlyCastIf\": \"Always\",\n   \"PercentToCast\": 0.0,\n   \"Priority\": 3,\n   \"TargetCast\": \"Random\",\n   \"UnitsInDeck\": 1,\n   \"ValueCastIf\": 0.0\n}","{\n   \"AddCardRound\": 3,\n   \"AuraCurseCastIf\": \"\",\n   \"Card\": \"mcrain\",\n   \"OnlyCastIf\": \"Always\",\n   \"PercentToCast\": 0.0,\n   \"Priority\": 1,\n   \"TargetCast\": \"Random\",\n   \"UnitsInDeck\": 1,\n   \"ValueCastIf\": 0.0\n}","{\n   \"AddCardRound\": 3,\n   \"AuraCurseCastIf\": \"\",\n   \"Card\": \"mcwatershell\",\n   \"OnlyCastIf\": \"Always\",\n   \"PercentToCast\": 0.0,\n   \"Priority\": 5,\n   \"TargetCast\": \"Random\",\n   \"UnitsInDeck\": 1,\n   \"ValueCastIf\": 0.0\n}","{\n   \"AddCardRound\": 3,\n   \"AuraCurseCastIf\": \"\",\n   \"Card\": \"mcriptide\",\n   \"OnlyCastIf\": \"Always\",\n   \"PercentToCast\": 0.0,\n   \"Priority\": 6,\n   \"TargetCast\": \"Random\",\n   \"UnitsInDeck\": 1,\n   \"ValueCastIf\": 0.0\n}","{\n   \"AddCardRound\": 4,\n   \"AuraCurseCastIf\": \"\",\n   \"Card\": \"mcroguewave\",\n   \"OnlyCastIf\": \"Always\",\n   \"PercentToCast\": 0.0,\n   \"Priority\": 2,\n   \"TargetCast\": \"Random\",\n   \"UnitsInDeck\": 1,\n   \"ValueCastIf\": 0.0\n}","{\n   \"AddCardRound\": 4,\n   \"AuraCurseCastIf\": \"\",\n   \"Card\": \"mcerosion\",\n   \"OnlyCastIf\": \"Always\",\n   \"PercentToCast\": 0.0,\n   \"Priority\": 3,\n   \"TargetCast\": \"Random\",\n   \"UnitsInDeck\": 1,\n   \"ValueCastIf\": 0.0\n}","{\n   \"AddCardRound\": 4,\n   \"AuraCurseCastIf\": \"\",\n   \"Card\": \"mcinnerocean\",\n   \"OnlyCastIf\": \"Always\",\n   \"PercentToCast\": 0.0,\n   \"Priority\": 6,\n   \"TargetCast\": \"Random\",\n   \"UnitsInDeck\": 1,\n   \"ValueCastIf\": 0.0\n}","{\n   \"AddCardRound\": 5,\n   \"AuraCurseCastIf\": \"\",\n   \"Card\": \"mcrain\",\n   \"OnlyCastIf\": \"Always\",\n   \"PercentToCast\": 0.0,\n   \"Priority\": 1,\n   \"TargetCast\": \"Random\",\n   \"UnitsInDeck\": 1,\n   \"ValueCastIf\": 0.0\n}","{\n   \"AddCardRound\": 5,\n   \"AuraCurseCastIf\": \"\",\n   \"Card\": \"mcwatershell\",\n   \"OnlyCastIf\": \"Always\",\n   \"PercentToCast\": 0.0,\n   \"Priority\": 5,\n   \"TargetCast\": \"Random\",\n   \"UnitsInDeck\": 1,\n   \"ValueCastIf\": 0.0\n}","{\n   \"AddCardRound\": 5,\n   \"AuraCurseCastIf\": \"\",\n   \"Card\": \"mcriptide\",\n   \"OnlyCastIf\": \"Always\",\n   \"PercentToCast\": 0.0,\n   \"Priority\": 6,\n   \"TargetCast\": \"Random\",\n   \"UnitsInDeck\": 1,\n   \"ValueCastIf\": 0.0\n}","{\n   \"AddCardRound\": 7,\n   \"AuraCurseCastIf\": \"\",\n   \"Card\": \"mcrain\",\n   \"OnlyCastIf\": \"Always\",\n   \"PercentToCast\": 0.0,\n   \"Priority\": 1,\n   \"TargetCast\": \"Random\",\n   \"UnitsInDeck\": 1,\n   \"ValueCastIf\": 0.0\n}","{\n   \"AddCardRound\": 7,\n   \"AuraCurseCastIf\": \"\",\n   \"Card\": \"mcwatershell\",\n   \"OnlyCastIf\": \"Always\",\n   \"PercentToCast\": 0.0,\n   \"Priority\": 5,\n   \"TargetCast\": \"Random\",\n   \"UnitsInDeck\": 1,\n   \"ValueCastIf\": 0.0\n}","{\n   \"AddCardRound\": 7,\n   \"AuraCurseCastIf\": \"\",\n   \"Card\": \"mcroguewave\",\n   \"OnlyCastIf\": \"Always\",\n   \"PercentToCast\": 0.0,\n   \"Priority\": 2,\n   \"TargetCast\": \"Random\",\n   \"UnitsInDeck\": 1,\n   \"ValueCastIf\": 0.0\n}","{\n   \"AddCardRound\": 10,\n   \"AuraCurseCastIf\": \"\",\n   \"Card\": \"mcroguewave\",\n   \"OnlyCastIf\": \"Always\",\n   \"PercentToCast\": 0.0,\n   \"Priority\": 2,\n   \"TargetCast\": \"Random\",\n   \"UnitsInDeck\": 1,\n   \"ValueCastIf\": 0.0\n}","{\n   \"AddCardRound\": 0,\n   \"AuraCurseCastIf\": \"\",\n   \"Card\": \"mcrain\",\n   \"OnlyCastIf\": \"Always\",\n   \"PercentToCast\": 0.0,\n   \"Priority\": 1,\n   \"TargetCast\": \"Random\",\n   \"UnitsInDeck\": 1,\n   \"ValueCastIf\": 0.0\n}","{\n   \"AddCardRound\": 0,\n   \"AuraCurseCastIf\": \"\",\n   \"Card\": \"mcerosion\",\n   \"OnlyCastIf\": \"Always\",\n   \"PercentToCast\": 0.0,\n   \"Priority\": 3,\n   \"TargetCast\": \"Random\",\n   \"UnitsInDeck\": 1,\n   \"ValueCastIf\": 0.0\n}","{\n   \"AddCardRound\": 0,\n   \"AuraCurseCastIf\": \"\",\n   \"Card\": \"mcwatershell\",\n   \"OnlyCastIf\": \"Always\",\n   \"PercentToCast\": 0.0,\n   \"Priority\": 5,\n   \"TargetCast\": \"Random\",\n   \"UnitsInDeck\": 1,\n   \"ValueCastIf\": 0.0\n}","{\n   \"AddCardRound\": 0,\n   \"AuraCurseCastIf\": \"\",\n   \"Card\": \"mcinnerocean\",\n   \"OnlyCastIf\": \"Always\",\n   \"PercentToCast\": 0.0,\n   \"Priority\": 6,\n   \"TargetCast\": \"Random\",\n   \"UnitsInDeck\": 1,\n   \"ValueCastIf\": 0.0\n}","{\n   \"AddCardRound\": 0,\n   \"AuraCurseCastIf\": \"\",\n   \"Card\": \"mcriptide\",\n   \"OnlyCastIf\": \"Always\",\n   \"PercentToCast\": 0.0,\n   \"Priority\": 6,\n   \"TargetCast\": \"Random\",\n   \"UnitsInDeck\": 1,\n   \"ValueCastIf\": 0.0\n}"],
    "AuraCurseImmune": [],
    "BaseMonster": "",
    "BigModel": false,
    "CardsInHand": 3,
    "Description": "",
    "Difficulty": -1,
    "Energy": 10,
    "EnergyTurn": 0,
    "ExperienceReward": 25,
    "Female": false,
    "FinishCombatOnDead": false,
    "FluffOffsetX": -0.300000012,
    "FluffOffsetY": 2.849999905,
    "GameObjectAnimated": "waterelemental",
    "GoldReward": 75,
    "HellModeMob": "",
    "HitSound": "castor2",
    "HP": 185,
    "IsBoss": false,
    "IsNamed": false,
    "NgPlusMob": "waterelemental_plus",
    "PosBottom": 0,
    "PreferredPosition": "Back",
    "ResistBlunt": 10,
    "ResistCold": 42,
    "ResistFire": 16,
    "ResistHoly": -12,
    "ResistLightning": -12,
    "ResistMind": 32,
    "ResistPiercing": 24,
    "ResistShadow": 8,
    "ResistSlashing": 24,
    "ScriptableObjectName": "Forecaster",
    "Speed": 17,
    "Sprite": "",
    "SpritePortrait": "waterelementalportraitgrand",
    "SpriteSpeed": "waterelementalportrait",
    "TierMob": "T0",
    "TierReward": 2,
    "UpgradedMob": ""
}
