{
    "NodeId": "subterriver_6",
    "NodeName": "Cave Engineer",
    "CombatPercent": 0,
    "Description": "",
    "DisableCorruption": false,
    "DisableRandom": false,
    "EventPercent": 0,
    "ExistsPercent": 100,
    "ExistsSku": "",
    "GoToTown": false,
    "NodeBackgroundImg": "",
    "NodeCombat": [],
    "NodeCombatTier": "T0",
    "NodeEvent": ["e_subterriver6_a"],
    "NodeEventPercent": [],
    "NodeEventPriority": [],
    "NodeEventTier": "T0",
    "NodeGround": "None",
    "NodeRequirement": "",
    "NodesConnected": ["subterriver_8"],
    "NodesConnectedRequirement": [],
    "NodeZone": "subterriver",
    "TravelDestination": false,
    "VisibleIfNotRequirement": false,
    "medsPosX": 1.26,
    "medsPosY": -2.6175
}
