{
    "NodeId": "subterriver_10",
    "NodeName": "Final Cave Chamber",
    "CombatPercent": 0,
    "Description": "",
    "DisableCorruption": false,
    "DisableRandom": false,
    "EventPercent": 0,
    "ExistsPercent": 100,
    "ExistsSku": "",
    "GoToTown": false,
    "NodeBackgroundImg": "",
    "NodeCombat": [],
    "NodeCombatTier": "T0",
    "NodeEvent": ["e_subterriver10_a"],
    "NodeEventPercent": [],
    "NodeEventPriority": [],
    "NodeEventTier": "T0",
    "NodeGround": "None",
    "NodeRequirement": "",
    "NodesConnected": ["subterriver_11"],
    "NodesConnectedRequirement": [],
    "NodeZone": "subterriver",
    "TravelDestination": false,
    "VisibleIfNotRequirement": false,
    "medsPosX": 5.205,
    "medsPosY": 1.185
}
